[{"model": "admin.logentry", "pk": 1, "fields": {"action_time": "2021-03-12T18:05:17.256Z", "user": 1, "content_type": 9, "object_id": "1", "object_repr": "Manufacturing", "action_flag": 1, "change_message": "[{\"added\": {}}]"}}, {"model": "admin.logentry", "pk": 2, "fields": {"action_time": "2021-03-12T18:05:26.830Z", "user": 1, "content_type": 10, "object_id": "1", "object_repr": "Done", "action_flag": 1, "change_message": "[{\"added\": {}}]"}}, {"model": "admin.logentry", "pk": 3, "fields": {"action_time": "2021-03-12T18:05:57.259Z", "user": 1, "content_type": 8, "object_id": "1", "object_repr": "Nicolas Lupi", "action_flag": 1, "change_message": "[{\"added\": {}}]"}}, {"model": "admin.logentry", "pk": 4, "fields": {"action_time": "2021-03-12T18:05:59.613Z", "user": 1, "content_type": 7, "object_id": "1", "object_repr": "Valvula", "action_flag": 1, "change_message": "[{\"added\": {}}]"}}, {"model": "admin.logentry", "pk": 5, "fields": {"action_time": "2021-03-12T18:07:05.788Z", "user": 1, "content_type": 9, "object_id": "2", "object_repr": "Engineering", "action_flag": 1, "change_message": "[{\"added\": {}}]"}}, {"model": "admin.logentry", "pk": 6, "fields": {"action_time": "2021-03-12T18:07:16.700Z", "user": 1, "content_type": 9, "object_id": "3", "object_repr": "Integration", "action_flag": 1, "change_message": "[{\"added\": {}}]"}}, {"model": "admin.logentry", "pk": 7, "fields": {"action_time": "2021-03-12T18:07:39.718Z", "user": 1, "content_type": 10, "object_id": "1", "object_repr": "Done", "action_flag": 3, "change_message": ""}}, {"model": "admin.logentry", "pk": 8, "fields": {"action_time": "2021-03-12T18:08:03.087Z", "user": 1, "content_type": 10, "object_id": "2", "object_repr": "Requirement Definition", "action_flag": 1, "change_message": "[{\"added\": {}}]"}}, {"model": "admin.logentry", "pk": 9, "fields": {"action_time": "2021-03-12T18:08:16.203Z", "user": 1, "content_type": 10, "object_id": "3", "object_repr": "Preliminary Design", "action_flag": 1, "change_message": "[{\"added\": {}}]"}}, {"model": "admin.logentry", "pk": 10, "fields": {"action_time": "2021-03-12T18:08:54.750Z", "user": 1, "content_type": 10, "object_id": "4", "object_repr": "Deep Computer Aided Design", "action_flag": 1, "change_message": "[{\"added\": {}}]"}}, {"model": "admin.logentry", "pk": 11, "fields": {"action_time": "2021-03-12T18:09:06.824Z", "user": 1, "content_type": 10, "object_id": "5", "object_repr": "Design Review", "action_flag": 1, "change_message": "[{\"added\": {}}]"}}, {"model": "admin.logentry", "pk": 12, "fields": {"action_time": "2021-03-12T18:09:14.095Z", "user": 1, "content_type": 10, "object_id": "6", "object_repr": "Design Approved", "action_flag": 1, "change_message": "[{\"added\": {}}]"}}, {"model": "admin.logentry", "pk": 13, "fields": {"action_time": "2021-03-12T18:09:23.903Z", "user": 1, "content_type": 10, "object_id": "7", "object_repr": "Design Modification", "action_flag": 1, "change_message": "[{\"added\": {}}]"}}, {"model": "admin.logentry", "pk": 14, "fields": {"action_time": "2021-03-12T18:09:45.111Z", "user": 1, "content_type": 10, "object_id": "8", "object_repr": "Manufacturing Requirements", "action_flag": 1, "change_message": "[{\"added\": {}}]"}}, {"model": "admin.logentry", "pk": 15, "fields": {"action_time": "2021-03-12T18:09:50.995Z", "user": 1, "content_type": 10, "object_id": "9", "object_repr": "Manufacturing Process Definition", "action_flag": 1, "change_message": "[{\"added\": {}}]"}}, {"model": "admin.logentry", "pk": 16, "fields": {"action_time": "2021-03-12T18:09:57.034Z", "user": 1, "content_type": 10, "object_id": "10", "object_repr": "Supplier Search", "action_flag": 1, "change_message": "[{\"added\": {}}]"}}, {"model": "admin.logentry", "pk": 17, "fields": {"action_time": "2021-03-12T18:10:01.564Z", "user": 1, "content_type": 10, "object_id": "11", "object_repr": "Production Decision Needed", "action_flag": 1, "change_message": "[{\"added\": {}}]"}}, {"model": "admin.logentry", "pk": 18, "fields": {"action_time": "2021-03-12T18:10:06.499Z", "user": 1, "content_type": 10, "object_id": "12", "object_repr": "In Supplier Pipeline", "action_flag": 1, "change_message": "[{\"added\": {}}]"}}, {"model": "admin.logentry", "pk": 19, "fields": {"action_time": "2021-03-12T18:10:11.416Z", "user": 1, "content_type": 10, "object_id": "13", "object_repr": "Acceptance Or Other", "action_flag": 1, "change_message": "[{\"added\": {}}]"}}, {"model": "admin.logentry", "pk": 20, "fields": {"action_time": "2021-03-12T18:10:19.295Z", "user": 1, "content_type": 10, "object_id": "14", "object_repr": "Integration Sequence Definition", "action_flag": 1, "change_message": "[{\"added\": {}}]"}}, {"model": "admin.logentry", "pk": 21, "fields": {"action_time": "2021-03-12T18:10:24.443Z", "user": 1, "content_type": 10, "object_id": "15", "object_repr": "Preparations Underway", "action_flag": 1, "change_message": "[{\"added\": {}}]"}}, {"model": "admin.logentry", "pk": 22, "fields": {"action_time": "2021-03-12T18:10:29.354Z", "user": 1, "content_type": 10, "object_id": "16", "object_repr": "Physical Integration", "action_flag": 1, "change_message": "[{\"added\": {}}]"}}, {"model": "admin.logentry", "pk": 23, "fields": {"action_time": "2021-03-12T18:10:34.930Z", "user": 1, "content_type": 10, "object_id": "17", "object_repr": "Integration Review And Testing", "action_flag": 1, "change_message": "[{\"added\": {}}]"}}, {"model": "admin.logentry", "pk": 24, "fields": {"action_time": "2021-03-12T18:10:41.046Z", "user": 1, "content_type": 10, "object_id": "18", "object_repr": "Accepted / To Higher Level", "action_flag": 1, "change_message": "[{\"added\": {}}]"}}, {"model": "admin.logentry", "pk": 25, "fields": {"action_time": "2021-03-12T18:10:48.026Z", "user": 1, "content_type": 10, "object_id": "19", "object_repr": "Blocked / Change Needed", "action_flag": 1, "change_message": "[{\"added\": {}}]"}}, {"model": "admin.logentry", "pk": 26, "fields": {"action_time": "2021-03-15T14:05:53.860Z", "user": 1, "content_type": 7, "object_id": "2", "object_repr": "Valvula AISI 316 JIC 3/4", "action_flag": 2, "change_message": "[{\"changed\": {\"fields\": [\"Stage\", \"Action\", \"Assigned to system\"]}}]"}}, {"model": "admin.logentry", "pk": 27, "fields": {"action_time": "2021-03-15T15:57:09.603Z", "user": 1, "content_type": 7, "object_id": "2", "object_repr": "Valvula AISI 316 JIC 3/4", "action_flag": 2, "change_message": "[]"}}, {"model": "admin.logentry", "pk": 28, "fields": {"action_time": "2021-03-15T15:57:21.768Z", "user": 1, "content_type": 7, "object_id": "1", "object_repr": "Valvula AISI 316 JIC 7/8", "action_flag": 2, "change_message": "[{\"changed\": {\"fields\": [\"Stage\", \"Assigned to system\"]}}]"}}, {"model": "admin.logentry", "pk": 29, "fields": {"action_time": "2021-03-15T18:06:37.674Z", "user": 1, "content_type": 8, "object_id": "2", "object_repr": "Juan Perez", "action_flag": 1, "change_message": "[{\"added\": {}}]"}}, {"model": "admin.logentry", "pk": 30, "fields": {"action_time": "2021-03-15T18:06:51.414Z", "user": 1, "content_type": 7, "object_id": "2", "object_repr": "Valvula AISI 316 JIC 3/4 Piping", "action_flag": 2, "change_message": "[{\"changed\": {\"fields\": [\"Assigned to person\"]}}]"}}, {"model": "admin.logentry", "pk": 31, "fields": {"action_time": "2021-03-15T18:32:16.221Z", "user": 1, "content_type": 12, "object_id": "1", "object_repr": "Banco de Ensayos", "action_flag": 1, "change_message": "[{\"added\": {}}]"}}, {"model": "admin.logentry", "pk": 32, "fields": {"action_time": "2021-03-15T19:09:48.756Z", "user": 1, "content_type": 11, "object_id": "1", "object_repr": "Piping", "action_flag": 2, "change_message": "[{\"changed\": {\"fields\": [\"Assigned to project\"]}}]"}}, {"model": "admin.logentry", "pk": 33, "fields": {"action_time": "2021-03-15T19:09:55.751Z", "user": 1, "content_type": 11, "object_id": "2", "object_repr": "Ox_line_A", "action_flag": 2, "change_message": "[{\"changed\": {\"fields\": [\"Assigned to project\"]}}]"}}, {"model": "auth.permission", "pk": 1, "fields": {"name": "Can add log entry", "content_type": 1, "codename": "add_logentry"}}, {"model": "auth.permission", "pk": 2, "fields": {"name": "Can change log entry", "content_type": 1, "codename": "change_logentry"}}, {"model": "auth.permission", "pk": 3, "fields": {"name": "Can delete log entry", "content_type": 1, "codename": "delete_logentry"}}, {"model": "auth.permission", "pk": 4, "fields": {"name": "Can view log entry", "content_type": 1, "codename": "view_logentry"}}, {"model": "auth.permission", "pk": 5, "fields": {"name": "Can add permission", "content_type": 2, "codename": "add_permission"}}, {"model": "auth.permission", "pk": 6, "fields": {"name": "Can change permission", "content_type": 2, "codename": "change_permission"}}, {"model": "auth.permission", "pk": 7, "fields": {"name": "Can delete permission", "content_type": 2, "codename": "delete_permission"}}, {"model": "auth.permission", "pk": 8, "fields": {"name": "Can view permission", "content_type": 2, "codename": "view_permission"}}, {"model": "auth.permission", "pk": 9, "fields": {"name": "Can add group", "content_type": 3, "codename": "add_group"}}, {"model": "auth.permission", "pk": 10, "fields": {"name": "Can change group", "content_type": 3, "codename": "change_group"}}, {"model": "auth.permission", "pk": 11, "fields": {"name": "Can delete group", "content_type": 3, "codename": "delete_group"}}, {"model": "auth.permission", "pk": 12, "fields": {"name": "Can view group", "content_type": 3, "codename": "view_group"}}, {"model": "auth.permission", "pk": 13, "fields": {"name": "Can add user", "content_type": 4, "codename": "add_user"}}, {"model": "auth.permission", "pk": 14, "fields": {"name": "Can change user", "content_type": 4, "codename": "change_user"}}, {"model": "auth.permission", "pk": 15, "fields": {"name": "Can delete user", "content_type": 4, "codename": "delete_user"}}, {"model": "auth.permission", "pk": 16, "fields": {"name": "Can view user", "content_type": 4, "codename": "view_user"}}, {"model": "auth.permission", "pk": 17, "fields": {"name": "Can add content type", "content_type": 5, "codename": "add_contenttype"}}, {"model": "auth.permission", "pk": 18, "fields": {"name": "Can change content type", "content_type": 5, "codename": "change_contenttype"}}, {"model": "auth.permission", "pk": 19, "fields": {"name": "Can delete content type", "content_type": 5, "codename": "delete_contenttype"}}, {"model": "auth.permission", "pk": 20, "fields": {"name": "Can view content type", "content_type": 5, "codename": "view_contenttype"}}, {"model": "auth.permission", "pk": 21, "fields": {"name": "Can add session", "content_type": 6, "codename": "add_session"}}, {"model": "auth.permission", "pk": 22, "fields": {"name": "Can change session", "content_type": 6, "codename": "change_session"}}, {"model": "auth.permission", "pk": 23, "fields": {"name": "Can delete session", "content_type": 6, "codename": "delete_session"}}, {"model": "auth.permission", "pk": 24, "fields": {"name": "Can view session", "content_type": 6, "codename": "view_session"}}, {"model": "auth.permission", "pk": 25, "fields": {"name": "Can add component", "content_type": 7, "codename": "add_component"}}, {"model": "auth.permission", "pk": 26, "fields": {"name": "Can change component", "content_type": 7, "codename": "change_component"}}, {"model": "auth.permission", "pk": 27, "fields": {"name": "Can delete component", "content_type": 7, "codename": "delete_component"}}, {"model": "auth.permission", "pk": 28, "fields": {"name": "Can view component", "content_type": 7, "codename": "view_component"}}, {"model": "auth.permission", "pk": 29, "fields": {"name": "Can add person", "content_type": 8, "codename": "add_person"}}, {"model": "auth.permission", "pk": 30, "fields": {"name": "Can change person", "content_type": 8, "codename": "change_person"}}, {"model": "auth.permission", "pk": 31, "fields": {"name": "Can delete person", "content_type": 8, "codename": "delete_person"}}, {"model": "auth.permission", "pk": 32, "fields": {"name": "Can view person", "content_type": 8, "codename": "view_person"}}, {"model": "auth.permission", "pk": 33, "fields": {"name": "Can add track", "content_type": 9, "codename": "add_track"}}, {"model": "auth.permission", "pk": 34, "fields": {"name": "Can change track", "content_type": 9, "codename": "change_track"}}, {"model": "auth.permission", "pk": 35, "fields": {"name": "Can delete track", "content_type": 9, "codename": "delete_track"}}, {"model": "auth.permission", "pk": 36, "fields": {"name": "Can view track", "content_type": 9, "codename": "view_track"}}, {"model": "auth.permission", "pk": 37, "fields": {"name": "Can add stage", "content_type": 10, "codename": "add_stage"}}, {"model": "auth.permission", "pk": 38, "fields": {"name": "Can change stage", "content_type": 10, "codename": "change_stage"}}, {"model": "auth.permission", "pk": 39, "fields": {"name": "Can delete stage", "content_type": 10, "codename": "delete_stage"}}, {"model": "auth.permission", "pk": 40, "fields": {"name": "Can view stage", "content_type": 10, "codename": "view_stage"}}, {"model": "auth.permission", "pk": 41, "fields": {"name": "Can add system", "content_type": 11, "codename": "add_system"}}, {"model": "auth.permission", "pk": 42, "fields": {"name": "Can change system", "content_type": 11, "codename": "change_system"}}, {"model": "auth.permission", "pk": 43, "fields": {"name": "Can delete system", "content_type": 11, "codename": "delete_system"}}, {"model": "auth.permission", "pk": 44, "fields": {"name": "Can view system", "content_type": 11, "codename": "view_system"}}, {"model": "auth.permission", "pk": 45, "fields": {"name": "Can add project", "content_type": 12, "codename": "add_project"}}, {"model": "auth.permission", "pk": 46, "fields": {"name": "Can change project", "content_type": 12, "codename": "change_project"}}, {"model": "auth.permission", "pk": 47, "fields": {"name": "Can delete project", "content_type": 12, "codename": "delete_project"}}, {"model": "auth.permission", "pk": 48, "fields": {"name": "Can view project", "content_type": 12, "codename": "view_project"}}, {"model": "auth.permission", "pk": 49, "fields": {"name": "Can add supplier", "content_type": 13, "codename": "add_supplier"}}, {"model": "auth.permission", "pk": 50, "fields": {"name": "Can change supplier", "content_type": 13, "codename": "change_supplier"}}, {"model": "auth.permission", "pk": 51, "fields": {"name": "Can delete supplier", "content_type": 13, "codename": "delete_supplier"}}, {"model": "auth.permission", "pk": 52, "fields": {"name": "Can view supplier", "content_type": 13, "codename": "view_supplier"}}, {"model": "auth.user", "pk": 1, "fields": {"password": "pbkdf2_sha256$216000$RxFDzX3pk7Mm$GpSEmHDCT6zpLbV6Fc1wOPLQxYJ7eW+Mz1B87UQEBWY=", "last_login": "2021-03-16T23:56:07.959Z", "is_superuser": true, "username": "lipinoelbreve", "first_name": "", "last_name": "", "email": "nlupi@epic-aerospace.com", "is_staff": true, "is_active": true, "date_joined": "2021-03-12T18:04:37.099Z", "groups": [], "user_permissions": []}}, {"model": "contenttypes.contenttype", "pk": 1, "fields": {"app_label": "admin", "model": "logentry"}}, {"model": "contenttypes.contenttype", "pk": 2, "fields": {"app_label": "auth", "model": "permission"}}, {"model": "contenttypes.contenttype", "pk": 3, "fields": {"app_label": "auth", "model": "group"}}, {"model": "contenttypes.contenttype", "pk": 4, "fields": {"app_label": "auth", "model": "user"}}, {"model": "contenttypes.contenttype", "pk": 5, "fields": {"app_label": "contenttypes", "model": "contenttype"}}, {"model": "contenttypes.contenttype", "pk": 6, "fields": {"app_label": "sessions", "model": "session"}}, {"model": "contenttypes.contenttype", "pk": 7, "fields": {"app_label": "data_loader", "model": "component"}}, {"model": "contenttypes.contenttype", "pk": 8, "fields": {"app_label": "data_loader", "model": "person"}}, {"model": "contenttypes.contenttype", "pk": 9, "fields": {"app_label": "definitions", "model": "track"}}, {"model": "contenttypes.contenttype", "pk": 10, "fields": {"app_label": "definitions", "model": "stage"}}, {"model": "contenttypes.contenttype", "pk": 11, "fields": {"app_label": "data_loader", "model": "system"}}, {"model": "contenttypes.contenttype", "pk": 12, "fields": {"app_label": "data_loader", "model": "project"}}, {"model": "contenttypes.contenttype", "pk": 13, "fields": {"app_label": "data_loader", "model": "supplier"}}, {"model": "sessions.session", "pk": "a7l2befl8lydsg8kehz6ey1sz7axw942", "fields": {"session_data": ".eJxVjEEOwiAQRe_C2hCmAy24dO8ZyAwDUjVtUtqV8e7apAvd_vfef6lI21rj1vISR1FnBer0uzGlR552IHeabrNO87QuI-td0Qdt-jpLfl4O9--gUqvfmiB0ZMC7TthKGAYqGcX1BdCINSDMLqTgwVJBl7DzUJB65mKQnEX1_gDdEje6:1lLpMV:pm6DHcbMDOEX_FpcwrMYalrMkUoBHhI4793gzHfqit8", "expire_date": "2021-03-29T15:42:31.988Z"}}, {"model": "sessions.session", "pk": "nsmq4zxj7kfwzdnw52894sewc5bx3e7z", "fields": {"session_data": ".eJxVjEEOwiAQRe_C2hCmAy24dO8ZyAwDUjVtUtqV8e7apAvd_vfef6lI21rj1vISR1FnBer0uzGlR552IHeabrNO87QuI-td0Qdt-jpLfl4O9--gUqvfmiB0ZMC7TthKGAYqGcX1BdCINSDMLqTgwVJBl7DzUJB65mKQnEX1_gDdEje6:1lMJXk:5yo0RBTfe0gntMXr_Rf-DwwUm32MHfK2RDXBS8Cbfhg", "expire_date": "2021-03-30T23:56:08.118Z"}}, {"model": "data_loader.supplier", "pk": 1, "fields": {"name": "Mercado Libre", "web": "mercadolibre.com", "mail": "lll", "phone": "lll"}}, {"model": "data_loader.person", "pk": 1, "fields": {"full_name": "Nicolas Lupi", "area": "electronics", "role": "mech", "mail": "nlupi@epic-aerospace.com"}}, {"model": "data_loader.person", "pk": 2, "fields": {"full_name": "Juan Perez", "area": "structures", "role": "mech", "mail": "lll@gmail.com"}}, {"model": "data_loader.project", "pk": 1, "fields": {"name": "Banco de Ensayos", "track": 2, "stage": 10, "d_next": "2021-03-15", "d_done": "2021-03-15", "action": "", "action_date": "2021-03-15", "assigned_to_person": [2]}}, {"model": "data_loader.project", "pk": 2, "fields": {"name": "Destiladora", "track": 2, "stage": 5, "d_next": "2021-03-18", "d_done": "2021-03-18", "action": "", "action_date": "2021-03-18", "assigned_to_person": [1]}}, {"model": "data_loader.project", "pk": 4, "fields": {"name": "Laboratorio", "track": 3, "stage": 18, "d_next": "2021-03-18", "d_done": "2021-03-18", "action": "", "action_date": "2021-03-18", "assigned_to_person": [2]}}, {"model": "data_loader.system", "pk": 1, "fields": {"name": "Piping", "track": 1, "stage": 10, "d_next": "2021-03-10", "d_done": "2021-03-23", "action": "none", "action_date": "2021-03-18", "depends_on": null, "assigned_to_project": 1, "assigned_to_person": [1]}}, {"model": "data_loader.system", "pk": 2, "fields": {"name": "Ox_line_A", "track": 2, "stage": 6, "d_next": "2021-03-24", "d_done": "2021-03-25", "action": "dd", "action_date": "2021-03-25", "depends_on": 1, "assigned_to_project": 1, "assigned_to_person": [1]}}, {"model": "data_loader.system", "pk": 3, "fields": {"name": "Main_dest_line", "track": 2, "stage": 5, "d_next": "2021-03-18", "d_done": "2021-03-18", "action": "", "action_date": "2021-04-02", "depends_on": null, "assigned_to_project": 2, "assigned_to_person": [1, 2]}}, {"model": "data_loader.system", "pk": 4, "fields": {"name": "Sub_dest_line", "track": 3, "stage": 17, "d_next": "2021-03-23", "d_done": "2021-03-05", "action": "", "action_date": "2021-03-30", "depends_on": 3, "assigned_to_project": 2, "assigned_to_person": [1]}}, {"model": "data_loader.system", "pk": 5, "fields": {"name": "Electrónica 1", "track": 3, "stage": 18, "d_next": "2021-03-18", "d_done": "2021-03-18", "action": "", "action_date": "2021-03-18", "depends_on": null, "assigned_to_project": 4, "assigned_to_person": [2]}}, {"model": "data_loader.system", "pk": 6, "fields": {"name": "Ox_line_C", "track": 3, "stage": 17, "d_next": "2021-04-02", "d_done": "2021-03-31", "action": "", "action_date": "2021-03-25", "depends_on": 1, "assigned_to_project": 1, "assigned_to_person": [2]}}, {"model": "data_loader.component", "pk": 1, "fields": {"name": "Valvula", "type": "AISI 3160", "subtype": "JIC 7/8", "comments": null, "track": 1, "stage": 10, "d_next": "2021-03-17", "d_done": "2021-03-17", "action": "None", "action_date": "2021-03-17", "assigned_to_system": 2, "supplied_by": null, "assigned_to_person": [1]}}, {"model": "data_loader.component", "pk": 2, "fields": {"name": "Valvula", "type": "AISI 316", "subtype": "JIC 3/4444", "comments": null, "track": 1, "stage": 13, "d_next": "2021-03-31", "d_done": "2021-03-18", "action": "", "action_date": "2021-03-19", "assigned_to_system": 1, "supplied_by": null, "assigned_to_person": [1, 2]}}, {"model": "data_loader.component", "pk": 4, "fields": {"name": "Valvula", "type": "JIC", "subtype": "7/8", "comments": null, "track": 3, "stage": 16, "d_next": "2021-03-16", "d_done": "2021-03-16", "action": "", "action_date": "2021-03-18", "assigned_to_system": 1, "supplied_by": null, "assigned_to_person": [2]}}, {"model": "data_loader.component", "pk": 5, "fields": {"name": "Relé", "type": "12V", "subtype": "0.5mm", "comments": null, "track": 1, "stage": 9, "d_next": "2021-03-17", "d_done": "2021-03-31", "action": "", "action_date": "2021-04-01", "assigned_to_system": 2, "supplied_by": null, "assigned_to_person": [1, 2]}}, {"model": "data_loader.component", "pk": 6, "fields": {"name": "Microswitch", "type": "L1", "subtype": "L2", "comments": null, "track": 3, "stage": 15, "d_next": "2021-03-24", "d_done": "2021-03-25", "action": "", "action_date": "2021-03-25", "assigned_to_system": 1, "supplied_by": null, "assigned_to_person": []}}, {"model": "data_loader.component", "pk": 7, "fields": {"name": "Microswitch", "type": "L1", "subtype": "L2", "comments": null, "track": 3, "stage": 15, "d_next": "2021-03-24", "d_done": "2021-03-25", "action": "", "action_date": "2021-03-25", "assigned_to_system": 1, "supplied_by": null, "assigned_to_person": []}}, {"model": "data_loader.component", "pk": 8, "fields": {"name": "Microswitch", "type": "L1", "subtype": "L2", "comments": null, "track": 3, "stage": 15, "d_next": "2021-03-24", "d_done": "2021-03-25", "action": "", "action_date": "2021-03-25", "assigned_to_system": 1, "supplied_by": null, "assigned_to_person": []}}, {"model": "data_loader.component", "pk": 9, "fields": {"name": "Microswitch", "type": "L1", "subtype": "L2", "comments": null, "track": 3, "stage": 15, "d_next": "2021-03-24", "d_done": "2021-03-25", "action": "", "action_date": "2021-03-25", "assigned_to_system": 1, "supplied_by": null, "assigned_to_person": []}}, {"model": "data_loader.component", "pk": 10, "fields": {"name": "Valvula", "type": "JIC", "subtype": "JIC 3/4", "comments": null, "track": 1, "stage": 10, "d_next": "2021-12-31", "d_done": "2021-12-31", "action": "", "action_date": "2020-11-30", "assigned_to_system": 1, "supplied_by": null, "assigned_to_person": []}}, {"model": "data_loader.component", "pk": 11, "fields": {"name": "Valvula", "type": "Esferica", "subtype": "JIC 7/8", "comments": null, "track": 3, "stage": 14, "d_next": "2021-03-11", "d_done": "2021-03-26", "action": "", "action_date": "2021-03-25", "assigned_to_system": 1, "supplied_by": null, "assigned_to_person": []}}, {"model": "data_loader.component", "pk": 12, "fields": {"name": "Valvula", "type": "Esferica", "subtype": "JIC 7/8", "comments": null, "track": 3, "stage": 14, "d_next": "2021-03-11", "d_done": "2021-03-26", "action": "", "action_date": "2021-03-25", "assigned_to_system": 1, "supplied_by": null, "assigned_to_person": []}}, {"model": "data_loader.component", "pk": 13, "fields": {"name": "Valvula", "type": "Esferica", "subtype": "JIC 7/8", "comments": null, "track": 2, "stage": 2, "d_next": "2021-03-11", "d_done": "2021-03-26", "action": "", "action_date": "2021-03-25", "assigned_to_system": 1, "supplied_by": null, "assigned_to_person": []}}, {"model": "data_loader.component", "pk": 14, "fields": {"name": "Valvula", "type": "Esferica", "subtype": "JIC 7/8", "comments": null, "track": 2, "stage": 2, "d_next": "2021-03-11", "d_done": "2021-03-26", "action": "", "action_date": "2021-03-25", "assigned_to_system": 1, "supplied_by": null, "assigned_to_person": []}}, {"model": "data_loader.component", "pk": 15, "fields": {"name": "Valvula", "type": "Esferica", "subtype": "JIC 7/8", "comments": null, "track": 2, "stage": 4, "d_next": "2021-03-11", "d_done": "2021-03-26", "action": "", "action_date": "2021-03-25", "assigned_to_system": 1, "supplied_by": null, "assigned_to_person": []}}, {"model": "data_loader.component", "pk": 16, "fields": {"name": "Valvula", "type": "Esferica", "subtype": "JIC 7/8", "comments": null, "track": 2, "stage": 4, "d_next": "2021-03-11", "d_done": "2021-03-26", "action": "", "action_date": "2021-03-25", "assigned_to_system": 1, "supplied_by": null, "assigned_to_person": []}}, {"model": "data_loader.component", "pk": 17, "fields": {"name": "Valvula", "type": "Esferica", "subtype": "JIC 7/8", "comments": null, "track": 1, "stage": 10, "d_next": "2021-03-11", "d_done": "2021-03-26", "action": "", "action_date": "2021-03-25", "assigned_to_system": 1, "supplied_by": null, "assigned_to_person": []}}, {"model": "data_loader.component", "pk": 18, "fields": {"name": "Valvula", "type": "Esferica", "subtype": "JIC 7/8", "comments": null, "track": 1, "stage": 10, "d_next": "2021-03-11", "d_done": "2021-03-26", "action": "", "action_date": "2021-03-25", "assigned_to_system": 1, "supplied_by": null, "assigned_to_person": []}}, {"model": "data_loader.component", "pk": 19, "fields": {"name": "Relé", "type": "12V", "subtype": "7/8", "comments": null, "track": 3, "stage": 16, "d_next": "2021-03-16", "d_done": "2021-03-16", "action": "", "action_date": "2021-03-16", "assigned_to_system": 1, "supplied_by": null, "assigned_to_person": []}}, {"model": "data_loader.component", "pk": 20, "fields": {"name": "Relé", "type": "12V", "subtype": "7/8", "comments": null, "track": 3, "stage": 16, "d_next": "2021-03-16", "d_done": "2021-03-16", "action": "", "action_date": "2021-03-16", "assigned_to_system": 1, "supplied_by": null, "assigned_to_person": []}}, {"model": "data_loader.component", "pk": 21, "fields": {"name": "Relé", "type": "12V", "subtype": "7/8", "comments": null, "track": 3, "stage": 16, "d_next": "2021-03-16", "d_done": "2021-03-16", "action": "", "action_date": "2021-03-16", "assigned_to_system": 1, "supplied_by": null, "assigned_to_person": []}}, {"model": "data_loader.component", "pk": 22, "fields": {"name": "Relé", "type": "12V", "subtype": "7/8", "comments": null, "track": 3, "stage": 16, "d_next": "2021-03-16", "d_done": "2021-03-16", "action": "", "action_date": "2021-03-16", "assigned_to_system": 1, "supplied_by": null, "assigned_to_person": []}}, {"model": "data_loader.component", "pk": 23, "fields": {"name": "Relé", "type": "12V", "subtype": "7/8", "comments": null, "track": 3, "stage": 16, "d_next": "2021-03-16", "d_done": "2021-03-16", "action": "", "action_date": "2021-03-16", "assigned_to_system": 1, "supplied_by": null, "assigned_to_person": []}}, {"model": "data_loader.component", "pk": 24, "fields": {"name": "Estación de Soldado", "type": "1", "subtype": "A", "comments": null, "track": 3, "stage": 18, "d_next": "2021-03-18", "d_done": "2021-03-18", "action": "", "action_date": "2021-03-18", "assigned_to_system": 5, "supplied_by": 1, "assigned_to_person": []}}, {"model": "data_loader.component", "pk": 25, "fields": {"name": "Estación de Soldado", "type": "1", "subtype": "A", "comments": null, "track": 3, "stage": 18, "d_next": "2021-03-18", "d_done": "2021-03-18", "action": "", "action_date": "2021-03-18", "assigned_to_system": 5, "supplied_by": 1, "assigned_to_person": []}}, {"model": "data_loader.component", "pk": 26, "fields": {"name": "Llave", "type": "Tubo", "subtype": "-", "comments": null, "track": 2, "stage": 4, "d_next": "2021-04-01", "d_done": "2021-03-27", "action": "", "action_date": "2021-04-06", "assigned_to_system": 6, "supplied_by": 1, "assigned_to_person": []}}, {"model": "definitions.track", "pk": 1, "fields": {"name": "Manufacturing"}}, {"model": "definitions.track", "pk": 2, "fields": {"name": "Engineering"}}, {"model": "definitions.track", "pk": 3, "fields": {"name": "Integration"}}, {"model": "definitions.stage", "pk": 2, "fields": {"name": "Requirement Definition", "track": 2}}, {"model": "definitions.stage", "pk": 3, "fields": {"name": "Preliminary Design", "track": 2}}, {"model": "definitions.stage", "pk": 4, "fields": {"name": "Deep Computer Aided Design", "track": 2}}, {"model": "definitions.stage", "pk": 5, "fields": {"name": "Design Review", "track": 2}}, {"model": "definitions.stage", "pk": 6, "fields": {"name": "Design Approved", "track": 2}}, {"model": "definitions.stage", "pk": 7, "fields": {"name": "Design Modification", "track": 2}}, {"model": "definitions.stage", "pk": 8, "fields": {"name": "Manufacturing Requirements", "track": 1}}, {"model": "definitions.stage", "pk": 9, "fields": {"name": "Manufacturing Process Definition", "track": 1}}, {"model": "definitions.stage", "pk": 10, "fields": {"name": "Supplier Search", "track": 1}}, {"model": "definitions.stage", "pk": 11, "fields": {"name": "Production Decision Needed", "track": 1}}, {"model": "definitions.stage", "pk": 12, "fields": {"name": "In Supplier Pipeline", "track": 1}}, {"model": "definitions.stage", "pk": 13, "fields": {"name": "Acceptance Or Other", "track": 1}}, {"model": "definitions.stage", "pk": 14, "fields": {"name": "Integration Sequence Definition", "track": 3}}, {"model": "definitions.stage", "pk": 15, "fields": {"name": "Preparations Underway", "track": 3}}, {"model": "definitions.stage", "pk": 16, "fields": {"name": "Physical Integration", "track": 3}}, {"model": "definitions.stage", "pk": 17, "fields": {"name": "Integration Review And Testing", "track": 3}}, {"model": "definitions.stage", "pk": 18, "fields": {"name": "Accepted / To Higher Level", "track": 3}}, {"model": "definitions.stage", "pk": 19, "fields": {"name": "Blocked / Change Needed", "track": 3}}]